"0","knitr::opts_chunk$set(warning = FALSE, include = TRUE)"
"0","library(corrplot)"
"0","library(DT)"
"0","library(ggcorrplot)"
"0","library(tidycensus)"
"0","library(tidyverse)"
"0","library(viridis)"
"0","library(mapview)"
"0","library(writexl)    "
"0","library(ggplot2)    "
"0","library(dplyr)"
"0","library(scales)"
"0","library(usmap)"
"0","library(RColorBrewer)"
"0","library(janitor)"
"0","library(readxl)"
"0","library(naniar)"
"0","library(mice)"
"0","library(caret)"
"0","library(VIM)"
"0","library(stargazer)"
"0","library(sjPlot)"
"0","library(sjmisc)"
"0","library(sjlabelled)"
"0","library(kableExtra)"
"0","library(webshot2)"
"0","library(magick)"
"0","# install.packages(""randomForest"")"
"0","library(randomForest)"
"0","#troubleshoot"
"0","# install.packages(c(""Rcpp"", ""RcppArmadillo"", ""dplyr""))"
"0","# install.packages(""mice"", type = ""binary"")"
